{"category": "Testings", "sequence_length": 20, "n_features": 10, "accuracy": 0.6904761791229248, "auc": 0.6279841065406799, "trained": true, "last_trained": "2025-11-01T02:53:28.617365"}