{"category": "In control Testing", "sequence_length": 20, "n_features": 10, "accuracy": 0.25, "auc": 0.30000001192092896, "trained": true, "last_trained": "2025-11-23T17:32:29.681829"}