{"category": "GITHUB Access ", "sequence_length": 20, "n_features": 10, "accuracy": 0.1428571492433548, "auc": 0.1666666567325592, "trained": true, "last_trained": "2025-11-23T17:48:12.594830"}