{"category": "In control Testing", "sequence_length": 20, "n_features": 10, "accuracy": 0.8571428656578064, "auc": 0.9375, "trained": true, "last_trained": "2025-11-23T17:46:32.024953"}