{"category": "Sample Testing", "sequence_length": 20, "n_features": 10, "accuracy": 0.9591836929321289, "auc": 0.5638298392295837, "trained": true, "ml_ready": true, "last_trained": "2026-02-23T02:30:08.864366", "anomaly_threshold": 2.463683795928955}