{"category": "In control Testing", "sequence_length": 20, "n_features": 10, "accuracy": 0.34285715222358704, "auc": 0.21367520093917847, "trained": true, "last_trained": "2025-11-20T10:31:01.147284"}