{"category": "Weather", "sequence_length": 20, "n_features": 10, "accuracy": 0.8571428656578064, "auc": 1.0, "trained": true, "last_trained": "2025-11-23T17:47:52.805017"}